country,publisher,dataset,source_url,series_table_id,frequency,history,release_lag,revisions,pit_quality,format_api,automation_feasibility,licence,priority,expected_inflation_channel,collector_owner_proposed,status
NZD,MBIE,MBIE weekly fuel monitoring,https://www.mbie.govt.nz/building-and-energy/energy-and-natural-resources/energy-statistics-and-modelling/energy-statistics/weekly-fuel-price-monitoring,MBIE_REGULAR_ADJUSTED_RETAIL_NZD_C_L;MBIE_DIESEL_ADJUSTED_RETAIL_NZD_C_L,weekly,2004-04,weekly table (latest week 2026-09-18; no publication date readable unattended),current revised CSV backfill; 2026 method change for importer series,strict since collection; no historical snapshots,refer to collector,implemented,PENDING_VERIFICATION,P1,1170 weeks; fetched unattended with an honest User-Agent (Imperva challenges browser impersonation),collector_mbie_nz,active
NZD,RBNZ,RBNZ B1 (EXRT.DS41.NZB17),https://www.rbnz.govt.nz/statistics/series/exchange-and-interest-rates/exchange-rates-and-the-trade-weighted-index,PENDING_VERIFICATION,daily,,RBNZ daily (about 3pm NZT),RBNZ workbooks hold current history; collector vintages from first run,strict since collection; no historical snapshots,refer to collector,blocked_allowlist,PENDING_VERIFICATION,P1,Collector implemented and tested (RBNZ_B1_EXRT_DS41_NZB17); not active until a live run: RBNZ Cloudflare challenges every non-allowlisted IP; needs RBNZ to allowlist the collector host's static IP,collector_rbnz_nz,candidate
NZD,RBNZ,RBNZ B2 daily close (INM.DP1.N),https://www.rbnz.govt.nz/statistics/series/exchange-and-interest-rates/wholesale-interest-rates,PENDING_VERIFICATION,daily,,RBNZ daily close; OCR set at scheduled reviews,RBNZ workbooks hold current history; collector vintages from first run,strict since collection; no historical snapshots,refer to collector,blocked_allowlist,PENDING_VERIFICATION,P1,Collector implemented and tested (RBNZ_B2_INM_DP1_N); ID and layout verified against a published B2 workbook; not active until a live run from an RBNZ-allowlisted IP,collector_rbnz_nz,candidate
NZD,Stats NZ,Stats NZ Selected Price Indexes,https://www.stats.govt.nz/topics/price-indexes/,STATSNZ_SPI_CPIM_SE901;STATSNZ_SPI_CPIM_SE9072020000;STATSNZ_SPI_CPIM_SE904501,monthly,1960-01;2011-06,monthly release (Aug 2026 published 2026-09-18),current CSV backfill is not historical PIT,strict since collection; no historical snapshots,refer to collector,implemented,PENDING_VERIFICATION,P1,Food cost channel,collector_statsnz_spi,active
NZD,Stats NZ,Stats NZ quarterly CPI index numbers,https://www.stats.govt.nz/topics/price-indexes/,STATSNZ_CPI_CPIQ_SE9A,quarterly,1914-06,quarterly release (Jun 2026 published 2026-07-21),current CSV is revised backfill; no historical published vintages; collector vintages from first run,strict since collection; no historical snapshots,refer to collector,implemented,PENDING_VERIFICATION,P0,Index level (Jun 2017 quarter=1000). Table 8 base weights (595 cells) and 164-node hierarchy persisted; validated before write: sums/orphans/single-child rules; CSV = workbook Table 2.01 (280 points); Lowe aggregation of 11 groups rebuilds all groups within 0.063% in 47 of 48 quarters (Sep 2024 pinned at 0.134%). Base weights are not effective quarterly weights.,collector_statsnz_cpi,active
NZD,Stats NZ,Stats NZ Business Price Indexes,https://www.stats.govt.nz/topics/price-indexes/,PENDING_VERIFICATION,quarterly,PENDING_VERIFICATION,PENDING_VERIFICATION,PENDING_VERIFICATION,PENDING_VERIFICATION,PENDING_VERIFICATION,PENDING_VERIFICATION,PENDING_VERIFICATION,P2,producer input and output prices,collector_statsnz_spi,candidate
NZD,Stats NZ,Stats NZ Labour Cost Index,https://www.stats.govt.nz/information-releases/labour-market-statistics-june-2026-quarter/,PENDING_VERIFICATION,quarterly,PENDING_VERIFICATION,PENDING_VERIFICATION,PENDING_VERIFICATION,PENDING_VERIFICATION,PENDING_VERIFICATION,PENDING_VERIFICATION,PENDING_VERIFICATION,P2,wage cost pressure,collector_statsnz_spi,candidate
NZD,RBNZ,RBNZ Survey of Expectations M14,https://www.rbnz.govt.nz/statistics/series/economic-indicators/survey-of-expectations,PENDING_VERIFICATION,quarterly,PENDING_VERIFICATION,PENDING_VERIFICATION,PENDING_VERIFICATION,PENDING_VERIFICATION,PENDING_VERIFICATION,PENDING_VERIFICATION,PENDING_VERIFICATION,P2,expected inflation,collector_rbnz_nz,candidate
NZD,Stats NZ,Selected Price Indexes rental stock and flow,https://www.stats.govt.nz/information-releases/selected-price-indexes-june-2026/,STATSNZ_SPI_CPIM_SE9041S,monthly,2026-08 (verified live; earlier coverage pending),PENDING_VERIFICATION,publisher current file can revise history; retain observed vintages,strict since collection; no historical snapshots,existing collector export,already emitted by existing publisher collector; verified in live payload,PENDING_VERIFICATION,P1,housing services,collector_statsnz_spi,active
NZD,Stats NZ,Retail Trade Survey,https://www.stats.govt.nz/information-releases/retail-trade-survey-march-2026-quarter/,PENDING_VERIFICATION,quarterly,PENDING_VERIFICATION,PENDING_VERIFICATION,PENDING_VERIFICATION,PENDING_VERIFICATION,PENDING_VERIFICATION,"verify native IDs, layout and release lags",PENDING_VERIFICATION,P1,consumer demand,collector_statsnz_spi,PLANNED_HIGH_PRIORITY
NZD,Stats NZ,Labour Market Statistics,https://www.stats.govt.nz/information-releases/labour-market-statistics-june-2026-quarter/,PENDING_VERIFICATION,quarterly,PENDING_VERIFICATION,PENDING_VERIFICATION,PENDING_VERIFICATION,PENDING_VERIFICATION,PENDING_VERIFICATION,publisher ownership; choose relevant employment and hours series,PENDING_VERIFICATION,P2,labour demand,collector_statsnz_spi,candidate
NZD,MBIE,Electricity Cost and Price Monitoring,https://www.mbie.govt.nz/building-and-energy/energy-and-natural-resources/energy-statistics-and-modelling/energy-statistics/energy-prices/electricity-cost-and-price-monitoring,QSDEP,quarterly,PENDING_VERIFICATION,PENDING_VERIFICATION,PENDING_VERIFICATION,PENDING_VERIFICATION,PENDING_VERIFICATION,verify workbook and published vintages before extending existing MBIE owner,PENDING_VERIFICATION,P1,retail electricity cost,collector_mbie_nz,PLANNED_HIGH_PRIORITY
NZD,Electricity Authority,EMI Wholesale Price Trends,https://www.emi.ea.govt.nz/wholesale/Reports/w_p_c,PENDING_VERIFICATION,daily,PENDING_VERIFICATION,PENDING_VERIFICATION,PENDING_VERIFICATION,PENDING_VERIFICATION,PENDING_VERIFICATION,different publisher; verify export automation and electricity pass-through,PENDING_VERIFICATION,P2,wholesale electricity,PENDING_PUBLISHER_OWNER,candidate
NZD,Ministry of Transport,Freight Information Gathering System,https://www.transport.govt.nz/statistics-and-insights/freight-and-logistics,PENDING_VERIFICATION,annual,PENDING_VERIFICATION,PENDING_VERIFICATION,PENDING_VERIFICATION,PENDING_VERIFICATION,PENDING_VERIFICATION,low cadence; not a direct transport price series,PENDING_VERIFICATION,P2,transport capacity,PENDING_PUBLISHER_OWNER,candidate
NZD,Stats NZ,Overseas Merchandise Trade,https://www.stats.govt.nz/information-releases/overseas-merchandise-trade-june-2026/,PENDING_VERIFICATION,monthly,PENDING_VERIFICATION,PENDING_VERIFICATION,PENDING_VERIFICATION,PENDING_VERIFICATION,PENDING_VERIFICATION,not an import price index; verify economic use before collection,PENDING_VERIFICATION,P2,import demand and values,collector_statsnz_spi,candidate
