role,series_id,name,source,collector_repo,frequency,history_start,latest_verified,release_lag,pit_limit,expected_sign,priority,status,coverage_note
target,STATSNZ_CPI_CPIQ_SE9A,All groups CPI,Stats NZ quarterly CPI index numbers,collector_statsnz_cpi,quarterly,1914-06,2026-06,quarterly release (Jun 2026 published 2026-07-21),current CSV is revised backfill; no historical published vintages; collector vintages from first run,,P0,active,Index level (Jun 2017 quarter=1000). Table 8 base weights (595 cells) and 164-node hierarchy persisted; validated before write: sums/orphans/single-child rules; CSV = workbook Table 2.01 (280 points); Lowe aggregation of 11 groups rebuilds all groups within 0.063% in 47 of 48 quarters (Sep 2024 pinned at 0.134%). Base weights are not effective quarterly weights.
predictor,STATSNZ_SPI_CPIM_SE901,Food price index,Stats NZ Selected Price Indexes,collector_statsnz_spi,monthly,1960-01,2026-08,monthly release (Aug 2026 published 2026-09-18),current CSV backfill is not historical PIT,positive,P1,active,Food cost channel
predictor,STATSNZ_SPI_CPIM_SE9072020000,Petrol price index,Stats NZ Selected Price Indexes,collector_statsnz_spi,monthly,2011-06,2026-08,monthly release (Aug 2026 published 2026-09-18),current CSV backfill is not historical PIT,positive,P1,active,Fuel pass-through
predictor,STATSNZ_SPI_CPIM_SE904501,Electricity price index,Stats NZ Selected Price Indexes,collector_statsnz_spi,monthly,2011-06,2026-08,monthly release (Aug 2026 published 2026-09-18),current CSV backfill is not historical PIT,positive,P1,active,Household energy channel
predictor,MBIE_REGULAR_ADJUSTED_RETAIL_NZD_C_L,Regular petrol adjusted retail price,MBIE weekly fuel monitoring,collector_mbie_nz,weekly,2004-04,2026-09,weekly table (latest week 2026-09-18; no publication date readable unattended),current revised CSV backfill; 2026 method change for importer series,positive,P1,active,1170 weeks; fetched unattended with an honest User-Agent (Imperva challenges browser impersonation)
predictor,MBIE_DIESEL_ADJUSTED_RETAIL_NZD_C_L,Diesel adjusted retail price,MBIE weekly fuel monitoring,collector_mbie_nz,weekly,2004-04,2026-09,weekly table (latest week 2026-09-18; no publication date readable unattended),current revised CSV backfill; 2026 method change for importer series,positive,P1,active,1170 weeks; fetched unattended with an honest User-Agent
predictor,,NZD trade-weighted index (TWI-17),RBNZ B1 (EXRT.DS41.NZB17),collector_rbnz_nz,daily,,,RBNZ daily (about 3pm NZT),RBNZ workbooks hold current history; collector vintages from first run,negative,P1,candidate,Collector implemented and tested (RBNZ_B1_EXRT_DS41_NZB17); not active until a live run: RBNZ Cloudflare challenges every non-allowlisted IP; needs RBNZ to allowlist the collector host's static IP
predictor,,Official cash rate,RBNZ B2 daily close (INM.DP1.N),collector_rbnz_nz,daily,,,RBNZ daily close; OCR set at scheduled reviews,RBNZ workbooks hold current history; collector vintages from first run,ambiguous,P1,candidate,Collector implemented and tested (RBNZ_B2_INM_DP1_N); ID and layout verified against a published B2 workbook; not active until a live run from an RBNZ-allowlisted IP
predictor,STATSNZ_SPI_CPIM_SE9041S,National rental stock index,Selected Price Indexes rental stock and flow,collector_statsnz_spi,monthly,2026-08,2026-08,official SPI monthly publication,current file can revise; observed vintages only,positive,P1,active,Native ID and monthly cadence verified in live collector metadata; lagged observation only after vintage available.
